-- popular tabela Person -------------------
INSERT INTO person VALUES('Raimundo Passos', '5200-28, Norte, Distrito de Braganca, Mogadouro', '922555470', '9485746374');
INSERT INTO person VALUES('Cosme Alves', '4960-095, Norte, Viana do Castelo, Melgaco, Podre', '915552302', '9384637483');
INSERT INTO person VALUES('Bento Siqueira', '5470-333, Norte, Vila Real, Montalegre', '921555959', '9384829484');
INSERT INTO person VALUES('Narciso Mascarenhas', '3230-274, Centro, Coimbra, Penela', '921555922', '1234937643');
INSERT INTO person VALUES('Marciano Macedo', '5360-492, Norte, Distrito de Braganca, Vila Flor, Vieiro', '965555928', '9084657463');
INSERT INTO person VALUES('Lia Castro', '7900-236, Beja, Ferreira do Alentejo, Figueira dos Cavaleiros', '935558043', '1264738329');
INSERT INTO person VALUES('Lia Castro', '7630-013, Beja, Odemira, Vale de Bispo', '929155589', '2145838394');
INSERT INTO person VALUES('Lia Castro', '4540-264, Norte, Aveiro, Vale de Cambra, Roge', '965554570', '3214564321');
INSERT INTO person VALUES('Thalita Torres', '3350-207, Centro, Coimbra, Arganil, Pombeiro da Beira', '921555365', '8764678765');
INSERT INTO person VALUES('Clementina Nunes', '7655-812, Beja, Odemira, Santa Clara-a-Velha', '922555819', '8754678764');
INSERT INTO person VALUES('Serafina Caetano', '7800-814, Beja, Ferreira do Alentejo', '929155592', '9876567898');
INSERT INTO person VALUES('Irina Martins', '2140-201, Centro, Evora, Evoramonte', '92534434', '98745678767');
INSERT INTO person VALUES('Eva Eanes', '1100-170, Centro, Lisboa, Loures', '922542342', '9865678765');
INSERT INTO person VALUES('Gabriela Nascimento', '4200-120, Centro, Castelo Branco', '923243266', '3457676789');
INSERT INTO person VALUES('Bruno Machado', '4010-120, Norte, Braga, Famalicao', '974574754', '83647348393');
INSERT INTO person VALUES('Maria Neto', '1623-312, Centro, Sao Pedro de Moel', '922544456', '9485758695');
INSERT INTO person VALUES('Marta Serra', '3332-253, Centro, Marinha Grande', '922509054', '7678564678');
INSERT INTO person VALUES('Clara Matos', '1253-546, Norte, Guimaraes', '92463632', '7656787654');
INSERT INTO person VALUES('Joana Coelho', '2342-543, Sul, Faro', '922423423', '98786575674');
INSERT INTO person VALUES('Guilherme Serra', '2355-223, Centro, Chaparral', '923242342', '1245676545');
INSERT INTO person VALUES('Marina Neves', '6584-325, Centro, Gaviao', '923453093', '9876785641');
INSERT INTO person VALUES('Adalberto Morais', '1256-145, Centro, Elvas', '929233422', '1230958675');
INSERT INTO person VALUES('Ines Barros', '3932-523, Centro, Portalegre', '920899080', '0985647584');
INSERT INTO person VALUES('Sara Martins', '2843-124, Sul, Sines', '922551213', '125968746');
INSERT INTO person VALUES('Miguel Henriques', '3942-543, Centro, Leiria', '912324142', '8473847586');
INSERT INTO person VALUES('Joao Miguel', '1534-643, Norte, Valongo', '922111123', '9384758495');
INSERT INTO person VALUES('Joana Amado', '4235-121, Norte, Barcelos', '993505339', '5948574690');
INSERT INTO person VALUES('Marcelo Brito', '3235-214, Centro, Mora', '924234235', '0987689530');
INSERT INTO person VALUES('Vasco Silva', '3243-343, Centro, Lisboa, Loures', '123142153', '0384759485');
INSERT INTO person VALUES('Natalia Pereira', '2342-321, Centro, Vila Vicosa', '921312535', '2839283746');
INSERT INTO person VALUES('Sara Vasconcelos', '4424-531, Norte, Lamego', '923423829', '2039283748');
INSERT INTO person VALUES('Josefina Matos', '1621-423, Centro, Crato', '922232332', '0938475849');
INSERT INTO person VALUES('Jeronimo Valente', '3354-123, Centro, Entroncamento', '921423535', '8273628375');
INSERT INTO person VALUES('Gabriel Alvim', '1754-521, Norte, Maia', '955344646', '8473840384');
INSERT INTO person VALUES('Silvia Araujo', '6843-534, Sul, Loule', '343938949', '1482939393');
INSERT INTO person VALUES('Bruna Seixas', '4758-423, Centro, Pavia', '233893945', '1123255461');
INSERT INTO person VALUES('Rita Azevedo', '6644-325, Centro, Arraiolos', '922555455', '9873940382');
INSERT INTO person VALUES('Branca Gouveia', '3235-145, Centro, Serpa', '922555412', '4584090043');
INSERT INTO person VALUES('Vera Montenegro', '3662-523, Centro, Campo Maior', '922555433', '3338383938');
INSERT INTO person VALUES('Severina Gama', '3333-133, Sul, Cachopo', '922555466', '9384930476');
INSERT INTO person VALUES('Benedito Saraiva', '8854-234, Centro, Macao', '922555489', '6678987886');
INSERT INTO person VALUES('Amando Lobo', '5532-644, Norte, Mirandela', '922555432', '8957767789');
INSERT INTO person VALUES('Cezar Pires', '2532-999, Norte, Vinhais', '922555410', '9899099099');

-- popular tabela Supervisor -------------------
INSERT INTO supervisor VALUES('Cosme Alves', '4960-095, Norte, Viana do Castelo, Melgaco, Podre');
INSERT INTO supervisor VALUES('Bento Siqueira', '5470-333, Norte, Vila Real, Montalegre');
INSERT INTO supervisor VALUES('Narciso Mascarenhas', '3230-274, Centro, Coimbra, Penela');
INSERT INTO supervisor VALUES('Marciano Macedo', '5360-492, Norte, Distrito de Braganca, Vila Flor, Vieiro');
INSERT INTO supervisor VALUES('Lia Castro', '7900-236, Beja, Ferreira do Alentejo, Figueira dos Cavaleiros');
INSERT INTO supervisor VALUES('Thalita Torres', '3350-207, Centro, Coimbra, Arganil, Pombeiro da Beira');
INSERT INTO supervisor VALUES('Clementina Nunes', '7655-812, Beja, Odemira, Santa Clara-a-Velha');
INSERT INTO supervisor VALUES('Serafina Caetano', '7800-814, Beja, Ferreira do Alentejo');
INSERT INTO supervisor VALUES('Lia Castro', '7630-013, Beja, Odemira, Vale de Bispo');
INSERT INTO supervisor VALUES('Irina Martins', '2140-201, Centro, Evora, Evoramonte');
INSERT INTO supervisor VALUES('Eva Eanes', '1100-170, Centro, Lisboa, Loures');
INSERT INTO supervisor VALUES('Marta Serra', '3332-253, Centro, Marinha Grande');
INSERT INTO supervisor VALUES('Clara Matos', '1253-546, Norte, Guimaraes');
INSERT INTO supervisor VALUES('Joana Coelho', '2342-543, Sul, Faro');
INSERT INTO supervisor VALUES('Guilherme Serra', '2355-223, Centro, Chaparral');
INSERT INTO supervisor VALUES('Marina Neves', '6584-325, Centro, Gaviao');
INSERT INTO supervisor VALUES('Adalberto Morais', '1256-145, Centro, Elvas');
INSERT INTO supervisor VALUES('Ines Barros', '3932-523, Centro, Portalegre');
INSERT INTO supervisor VALUES('Marcelo Brito', '3235-214, Centro, Mora');
INSERT INTO supervisor VALUES('Vasco Silva', '3243-343, Centro, Lisboa, Loures');
INSERT INTO supervisor VALUES('Josefina Matos', '1621-423, Centro, Crato');
INSERT INTO supervisor VALUES('Jeronimo Valente', '3354-123, Centro, Entroncamento');
INSERT INTO supervisor VALUES('Bruna Seixas', '4758-423, Centro, Pavia');
INSERT INTO supervisor VALUES('Rita Azevedo', '6644-325, Centro, Arraiolos');
INSERT INTO supervisor VALUES('Branca Gouveia', '3235-145, Centro, Serpa');
INSERT INTO supervisor VALUES('Benedito Saraiva', '8854-234, Centro, Macao');
INSERT INTO supervisor VALUES('Amando Lobo', '5532-644, Norte, Mirandela');
INSERT INTO supervisor VALUES('Cezar Pires', '2532-999, Norte, Vinhais');


-- popular tabela Analyst -------------------
INSERT INTO analyst VALUES('Raimundo Passos', '5200-28, Norte, Distrito de Braganca, Mogadouro');
INSERT INTO analyst VALUES('Cosme Alves', '4960-095, Norte, Viana do Castelo, Melgaco, Podre');
INSERT INTO analyst VALUES('Bento Siqueira', '5470-333, Norte, Vila Real, Montalegre');
INSERT INTO analyst VALUES('Marciano Macedo', '5360-492, Norte, Distrito de Braganca, Vila Flor, Vieiro');
INSERT INTO analyst VALUES('Lia Castro', '7900-236, Beja, Ferreira do Alentejo, Figueira dos Cavaleiros');
INSERT INTO analyst VALUES('Lia Castro', '7630-013, Beja, Odemira, Vale de Bispo');
INSERT INTO analyst VALUES('Lia Castro', '4540-264, Norte, Aveiro, Vale de Cambra, Roge');
INSERT INTO analyst VALUES('Thalita Torres', '3350-207, Centro, Coimbra, Arganil, Pombeiro da Beira');
INSERT INTO analyst VALUES('Serafina Caetano', '7800-814, Beja, Ferreira do Alentejo');
INSERT INTO analyst VALUES('Irina Martins', '2140-201, Centro, Evora, Evoramonte');
INSERT INTO analyst VALUES('Eva Eanes', '1100-170, Centro, Lisboa, Loures');
INSERT INTO analyst VALUES('Gabriela Nascimento', '4200-120, Centro, Castelo Branco');
INSERT INTO analyst VALUES('Bruno Machado', '4010-120, Norte, Braga, Famalicao');
INSERT INTO analyst VALUES('Maria Neto', '1623-312, Centro, Sao Pedro de Moel');
INSERT INTO analyst VALUES('Marta Serra', '3332-253, Centro, Marinha Grande');
INSERT INTO analyst VALUES('Clara Matos', '1253-546, Norte, Guimaraes');
INSERT INTO analyst VALUES('Joana Coelho', '2342-543, Sul, Faro');
INSERT INTO analyst VALUES('Guilherme Serra', '2355-223, Centro, Chaparral');
INSERT INTO analyst VALUES('Marina Neves', '6584-325, Centro, Gaviao');
INSERT INTO analyst VALUES('Adalberto Morais', '1256-145, Centro, Elvas');
INSERT INTO analyst VALUES('Ines Barros', '3932-523, Centro, Portalegre');
INSERT INTO analyst VALUES('Sara Martins', '2843-124, Sul, Sines');
INSERT INTO analyst VALUES('Miguel Henriques', '3942-543, Centro, Leiria');
INSERT INTO analyst VALUES('Joao Miguel', '1534-643, Norte, Valongo');
INSERT INTO analyst VALUES('Joana Amado', '4235-121, Norte, Barcelos');
INSERT INTO analyst VALUES('Marcelo Brito', '3235-214, Centro, Mora');
INSERT INTO analyst VALUES('Vasco Silva', '3243-343, Centro, Lisboa, Loures');
INSERT INTO analyst VALUES('Natalia Pereira', '2342-321, Centro, Vila Vicosa');
INSERT INTO analyst VALUES('Sara Vasconcelos', '4424-531, Norte, Lamego');
INSERT INTO analyst VALUES('Josefina Matos', '1621-423, Centro, Crato');
INSERT INTO analyst VALUES('Jeronimo Valente', '3354-123, Centro, Entroncamento');
INSERT INTO analyst VALUES('Gabriel Alvim', '1754-521, Norte, Maia');
INSERT INTO analyst VALUES('Silvia Araujo', '6843-534, Sul, Loule');
INSERT INTO analyst VALUES('Bruna Seixas', '4758-423, Centro, Pavia');
INSERT INTO analyst VALUES('Rita Azevedo', '6644-325, Centro, Arraiolos');
INSERT INTO analyst VALUES('Branca Gouveia', '3235-145, Centro, Serpa');
INSERT INTO analyst VALUES('Vera Montenegro', '3662-523, Centro, Campo Maior');
INSERT INTO analyst VALUES('Severina Gama', '3333-133, Sul, Cachopo');
INSERT INTO analyst VALUES('Benedito Saraiva', '8854-234, Centro, Macao');
INSERT INTO analyst VALUES('Amando Lobo', '5532-644, Norte, Mirandela');
INSERT INTO analyst VALUES('Cezar Pires', '2532-999, Norte, Vinhais');

-- popular tabela Element -------------------
INSERT INTO element VALUES('B-240');-- BUS BAR
INSERT INTO element VALUES('B-055');-- BUS BAR
INSERT INTO element VALUES('T-356');-- TRANSFORMER
INSERT INTO element VALUES('B-083');-- BUS BAR
INSERT INTO element VALUES('B-735');-- BUS BAR
INSERT INTO element VALUES('T-053');-- TRANSFORMER
INSERT INTO element VALUES('B-181');-- BUS BAR
INSERT INTO element VALUES('T-329');-- TRANSFORMER
INSERT INTO element VALUES('B-220');-- BUS BAR
INSERT INTO element VALUES('T-135');-- TRANSFORMER
INSERT INTO element VALUES('B-078');-- BUS BAR
INSERT INTO element VALUES('B-789');-- BUS BAR
INSERT INTO element VALUES('L-693');-- LINE
INSERT INTO element VALUES('L-725');-- LINE
INSERT INTO element VALUES('T-741');-- TRANSFORMER
INSERT INTO element VALUES('T-617');-- TRANSFORMER
INSERT INTO element VALUES('L-056');-- LINE
INSERT INTO element VALUES('B-346');-- BUS BAR
INSERT INTO element VALUES('B-907');-- BUS BAR
INSERT INTO element VALUES('T-889');-- TRANSFORMER
INSERT INTO element VALUES('B-712');-- BUS BAR
INSERT INTO element VALUES('B-342');-- BUS BAR
INSERT INTO element VALUES('L-704');-- LINE
INSERT INTO element VALUES('L-454');-- LINE
INSERT INTO element VALUES('L-281');-- LINE
INSERT INTO element VALUES('B-462');-- BUS BAR
INSERT INTO element VALUES('L-623');-- LINE
INSERT INTO element VALUES('L-651');-- LINE
INSERT INTO element VALUES('L-580');-- LINE
INSERT INTO element VALUES('L-461');-- LINE
INSERT INTO element VALUES('L-012');-- LINE
INSERT INTO element VALUES('L-112');-- LINE
INSERT INTO element VALUES('T-116');-- TRANSFORMER
INSERT INTO element VALUES('T-380');-- TRANSFORMER
INSERT INTO element VALUES('T-002');-- TRANSFORMER
INSERT INTO element VALUES('T-555');-- TRANSFORMER

-- popular tabela Incident -------------------
INSERT INTO incident VALUES('2020-1-19 10:23:31', 'T-356', 'Error A', 'Severe');
INSERT INTO incident VALUES('2020-1-25 11:51:28', 'T-617', 'Error D', 'Moderate');
INSERT INTO incident VALUES('2020-2-5 11:22:54', 'B-735', 'Error C', 'Extreme');
INSERT INTO incident VALUES('2020-2-13 12:23:34', 'B-789', 'Error B', 'Minor');
INSERT INTO incident VALUES('2020-2-15 13:44:56', 'T-741', 'Error B', 'Moderate');
INSERT INTO incident VALUES('2020-3-19 14:31:51', 'B-789', 'Error C', 'Minor');
INSERT INTO incident VALUES('2020-3-22 15:59:23', 'B-240', 'Error C', 'Minor');
INSERT INTO incident VALUES('2020-3-29 16:45:54', 'L-056', 'Error D', 'Minor');
INSERT INTO incident VALUES('2020-4-16 17:22:00', 'B-789', 'Error C', 'Moderate');
INSERT INTO incident VALUES('2020-4-22 18:12:54', 'L-056', 'Error B', 'Moderate');
INSERT INTO incident VALUES('2020-5-19 18:42:54', 'L-693', 'Error B', 'Severe');
INSERT INTO incident VALUES('2020-6-10 22:23:54', 'B-789', 'Error A', 'Minor');
INSERT INTO incident VALUES('2020-6-20 23:13:14', 'T-053', 'Error D', 'Minor');
INSERT INTO incident VALUES('2020-7-19 23:50:09', 'L-725', 'Error B', 'Moderate');
INSERT INTO incident VALUES('2020-7-20 00:23:50', 'T-053', 'Error F', 'Extreme');
INSERT INTO incident VALUES('2020-8-8 01:44:04', 'B-789', 'Error F', 'Very Severe');
INSERT INTO incident VALUES('2020-8-22 01:44:04', 'B-735', 'Error A', 'Moderate');
INSERT INTO incident VALUES('2020-10-20 02:43:22', 'B-789', 'Erro C', 'Severe');
INSERT INTO incident VALUES('2020-9-1 02:43:22', 'L-056', 'Error C', 'Minor');
INSERT INTO incident VALUES('2020-9-28 02:55:43', 'L-725', 'Error D', 'Minor');
INSERT INTO incident VALUES('2020-10-9 04:04:54', 'L-693', 'Error C', 'Minor');
INSERT INTO incident VALUES('2020-12-20 09:00:00', 'L-056', 'Error B', 'Severe');
INSERT INTO incident VALUES('2020-12-25 10:15:23', 'B-789', 'Error X', 'Minor');

-- popular tabela Line_incident -------------------
INSERT INTO lineincident VALUES('2020-3-29 16:45:54', 'L-056', 561.37);
INSERT INTO lineincident VALUES('2020-4-22 18:12:54', 'L-056', 386.59);
INSERT INTO lineincident VALUES('2020-5-19 18:42:54', 'L-693', 283.05);
INSERT INTO lineincident VALUES('2020-7-19 23:50:09', 'L-725', 901.89);
INSERT INTO lineincident VALUES('2020-9-1 02:43:22', 'L-056', 964.58);
INSERT INTO lineincident VALUES('2020-9-28 02:55:43', 'L-725', 186.12);
INSERT INTO lineincident VALUES('2020-10-9 04:04:54', 'L-693', 817.33);
INSERT INTO lineincident VALUES('2020-12-20 09:00:00', 'L-056', 212.62);

-- popular tabela Bus_bar -------------------
INSERT INTO busbar VALUES('B-240', 914.6083);-- BUS BAR 1 - 5, 8
INSERT INTO busbar VALUES('B-055', 821.9400);-- BUS BAR 2 - 6, 14
INSERT INTO busbar VALUES('B-083', 480.2022);-- BUS BAR 3 - 2, 11
INSERT INTO busbar VALUES('B-735', 603.9291);-- BUS BAR 4 - 1, 13
INSERT INTO busbar VALUES('B-181', 553.6511);-- BUS BAR 5  - 2 , 7, 9
INSERT INTO busbar VALUES('B-220', 588.9534);-- BUS BAR 6 - 4, 12
INSERT INTO busbar VALUES('B-078', 742.3928);-- BUS BAR 7  - 3, 11
INSERT INTO busbar VALUES('B-789', 627.2186);-- BUS BAR 8  - 1 , 5
INSERT INTO busbar VALUES('B-346', 361.6593);-- BUS BAR 9  - 7, 10
INSERT INTO busbar VALUES('B-907', 732.4261);-- BUS BAR 10 - 3, 12, 14
INSERT INTO busbar VALUES('B-712', 575.5406);-- BUS BAR 11  - 6
INSERT INTO busbar VALUES('B-342', 997.6069);-- BUS BAR 12 - 4, 8
INSERT INTO busbar VALUES('B-462', 932.8157);-- BUS BAR 13 - 9, 10, 13

-- popular tabela Line -------------------
INSERT INTO line VALUES('L-056',748.1293, 'B-240', 'B-789');
INSERT INTO line VALUES('L-725',102.5953, 'B-055', 'B-240');
INSERT INTO line VALUES('L-693',890.4109, 'B-078', 'B-220');
INSERT INTO line VALUES('L-704',438.6985, 'B-181', 'B-342');
INSERT INTO line VALUES('L-454',520.3164, 'B-462', 'B-078');
INSERT INTO line VALUES('L-281',456.8609, 'B-240', 'B-220');
INSERT INTO line VALUES('L-623',769.2463, 'B-055', 'B-083');
INSERT INTO line VALUES('L-651',434.4446, 'B-462', 'B-346');
INSERT INTO line VALUES('L-580',504.7228, 'B-055', 'B-462');
INSERT INTO line VALUES('L-461',179.9384, 'B-181', 'B-789');
INSERT INTO line VALUES('L-012',870.3883, 'B-462', 'B-055');
INSERT INTO line VALUES('L-112',225.5155, 'B-240', 'B-181');

-- popular tabela Substation -------------------
INSERT INTO substation VALUES(41.158431, -8.864778, 'Almeirim', 'Cosme Alves','4960-095, Norte, Viana do Castelo, Melgaco, Podre');-- TRANSFORMER
INSERT INTO substation VALUES(38.602028, -8.273058, 'Alcacer do Sal', 'Serafina Caetano', '7800-814, Beja, Ferreira do Alentejo');-- TRANSFORMER
INSERT INTO substation VALUES(41.570239, -7.535987, 'Barbadaes de Cima',  'Marciano Macedo', '5360-492, Norte, Distrito de Braganca, Vila Flor, Vieiro');-- TRANSFORMER
INSERT INTO substation VALUES(37.366132, -8.449714, 'Almeirim', 'Serafina Caetano', '7800-814, Beja, Ferreira do Alentejo');-- TRANSFORMER
INSERT INTO substation VALUES(38.213853, -7.186985, 'Santo Aleixo', 'Lia Castro', '7630-013, Beja, Odemira, Vale de Bispo');-- TRANSFORMER
INSERT INTO substation VALUES(37.748907, -8.947527, 'Ourique', 'Narciso Mascarenhas', '3230-274, Centro, Coimbra, Penela');-- TRANSFORMER
INSERT INTO substation VALUES(39.174811, -8.469373, 'Foros do Arrao',  'Marciano Macedo', '5360-492, Norte, Distrito de Braganca, Vila Flor, Vieiro');-- TRANSFORMER
INSERT INTO substation VALUES(37.210677, -7.676133, 'Vila Nova de Cacela', 'Serafina Caetano', '7800-814, Beja, Ferreira do Alentejo');-- TRANSFORMER
INSERT INTO substation VALUES(38.021385, -7.446985, 'Almeirim', 'Lia Castro', '7630-013, Beja, Odemira, Vale de Bispo');-- TRANSFORMER
INSERT INTO substation VALUES(37.132413, -8.959456, 'Alvor', 'Thalita Torres', '3350-207, Centro, Coimbra, Arganil, Pombeiro da Beira');-- TRANSFORMER

-- popular tabela Transformer -------------------
INSERT INTO transformer VALUES('T-356', 603.9291, 627.2186, 41.158431, -8.864778, 'B-735', 'B-789');-- TRANSFORMER Cosme
INSERT INTO transformer VALUES('T-053', 553.6511, 480.2022, 38.602028, -8.273058, 'B-181', 'B-083');-- TRANSFORMER Serafina
INSERT INTO transformer VALUES('T-329', 742.3928, 732.4261, 41.570239, -7.535987, 'B-078', 'B-907');-- TRANSFORMER Marciano
INSERT INTO transformer VALUES('T-135', 997.6069, 588.9534, 37.366132, -8.449714, 'B-342', 'B-220');-- TRANSFORMER Serafina
INSERT INTO transformer VALUES('T-741', 627.2186, 914.6083, 37.748907, -8.947527, 'B-789', 'B-240');-- TRANSFORMER Narciso
INSERT INTO transformer VALUES('T-617', 575.5406, 821.9400, 38.213853, -7.186985, 'B-712', 'B-055');-- TRANSFORMER Lia
INSERT INTO transformer VALUES('T-889', 553.6511, 361.6593, 37.366132, -8.449714, 'B-181', 'B-346');-- TRANSFORMER Serafina
INSERT INTO transformer VALUES('T-116', 575.5406, 361.6593, 39.174811, -8.469373, 'B-712', 'B-346');-- TRANSFORMER Marciano
INSERT INTO transformer VALUES('T-380', 914.6083, 627.2186, 37.210677, -7.676133, 'B-240', 'B-789');-- TRANSFORMER Serafina
INSERT INTO transformer VALUES('T-002', 588.9534, 914.6083, 38.021385, -7.446985, 'B-220', 'B-240');-- TRANSFORMER Lia
INSERT INTO transformer VALUES('T-555', 361.6593, 575.5406, 37.366132, -8.449714, 'B-346', 'B-712');-- TRANSFORMER Serafina

-- popular tabela Analyses -------------------
INSERT INTO analyses VALUES('2020-1-19 10:23:31', 'T-356', 'Report:', 'Serafina Caetano', '7800-814, Beja, Ferreira do Alentejo'); -- supervisor raimundo
INSERT INTO analyses VALUES('2020-1-25 11:51:28', 'T-617', 'Report:', 'Lia Castro', '4540-264, Norte, Aveiro, Vale de Cambra, Roge'); -- supervisor Lisa
INSERT INTO analyses VALUES('2020-2-5 11:22:54', 'B-735', 'Report:', 'Lia Castro', '7900-236, Beja, Ferreira do Alentejo, Figueira dos Cavaleiros'); -- linha da substation do Cosme
INSERT INTO analyses VALUES('2020-2-13 12:23:34', 'B-789', 'Report:', 'Serafina Caetano', '7800-814, Beja, Ferreira do Alentejo'); -- nenhuma substation
INSERT INTO analyses VALUES('2020-2-15 13:44:56', 'T-741', 'Report:', 'Serafina Caetano', '7800-814, Beja, Ferreira do Alentejo'); -- substation Narciso
INSERT INTO analyses VALUES('2020-3-19 14:31:51', 'B-789', 'Report:', 'Bento Siqueira', '5470-333, Norte, Vila Real, Montalegre'); -- nenhuma substation
INSERT INTO analyses VALUES('2020-3-22 15:59:23', 'B-240', 'Report:', 'Raimundo Passos', '5200-28, Norte, Distrito de Braganca, Mogadouro'); -- substation Narciso
INSERT INTO analyses VALUES('2020-3-29 16:45:54', 'L-056', 'Report:', 'Lia Castro', '7630-013, Beja, Odemira, Vale de Bispo'); -- nenhuma substation
INSERT INTO analyses VALUES('2020-4-16 17:22:00', 'B-789', 'Report:', 'Serafina Caetano', '7800-814, Beja, Ferreira do Alentejo'); -- nenhuma substation
INSERT INTO analyses VALUES('2020-4-22 18:12:54', 'L-056', 'Report:', 'Lia Castro', '4540-264, Norte, Aveiro, Vale de Cambra, Roge'); -- nenhuma substation
INSERT INTO analyses VALUES('2020-5-19 18:42:54', 'L-693', 'Report:', 'Bento Siqueira', '5470-333, Norte, Vila Real, Montalegre'); -- nenhuma substation
INSERT INTO analyses VALUES('2020-6-10 22:23:54', 'B-789', 'Report:', 'Lia Castro', '4540-264, Norte, Aveiro, Vale de Cambra, Roge'); -- nenhuma substation
INSERT INTO analyses VALUES('2020-6-20 23:13:14', 'T-053', 'Report:', 'Cosme Alves', '4960-095, Norte, Viana do Castelo, Melgaco, Podre'); -- substation Serafina
INSERT INTO analyses VALUES('2020-7-19 23:50:09', 'L-725', 'Report:', 'Serafina Caetano', '7800-814, Beja, Ferreira do Alentejo'); -- nenhuma substation
INSERT INTO analyses VALUES('2020-7-20 00:23:50', 'T-053', 'Report:', 'Bento Siqueira', '5470-333, Norte, Vila Real, Montalegre'); -- substation Serafina
INSERT INTO analyses VALUES('2020-8-8 01:44:04', 'B-789', 'Report:', 'Serafina Caetano', '7800-814, Beja, Ferreira do Alentejo'); -- nenhuma substation
INSERT INTO analyses VALUES('2020-8-22 01:44:04', 'B-735', 'Report:', 'Lia Castro', '4540-264, Norte, Aveiro, Vale de Cambra, Roge'); -- substation Cosme
INSERT INTO analyses VALUES('2020-10-20 02:43:22', 'B-789', 'Report:', 'Lia Castro', '7900-236, Beja, Ferreira do Alentejo, Figueira dos Cavaleiros'); -- nenhuma substation
INSERT INTO analyses VALUES('2020-9-1 02:43:22', 'L-056', 'Report:', 'Serafina Caetano', '7800-814, Beja, Ferreira do Alentejo'); -- nenhuma substation
INSERT INTO analyses VALUES('2020-9-28 02:55:43', 'L-725', 'Report:', 'Cosme Alves', '4960-095, Norte, Viana do Castelo, Melgaco, Podre'); -- nenhuma substation
INSERT INTO analyses VALUES('2020-10-9 04:04:54', 'L-693', 'Report:', 'Lia Castro', '7900-236, Beja, Ferreira do Alentejo, Figueira dos Cavaleiros'); -- nenhuma substation
INSERT INTO analyses VALUES('2020-12-20 09:00:00', 'L-056', 'Report:', 'Lia Castro', '7630-013, Beja, Odemira, Vale de Bispo'); -- nenhuma substation
INSERT INTO analyses VALUES('2020-12-25 10:15:23', 'B-789', 'Report:', 'Marciano Macedo', '5360-492, Norte, Distrito de Braganca, Vila Flor, Vieiro'); -- nenhuma substation
